filename,original_source,original_filename,size_kb,format
unique_001.jpg,alpingaraget_550_images,150_googles-guide-startsida-desktop.jpg,146.77,JPG
unique_002.jpg,alpingaraget_550_images,270_68082_1.jpg,100.61,JPG
unique_003.jpg,alpingaraget_550_images,064_68515_1.jpg,143.33,JPG
unique_004.jpg,alpingaraget_550_images,235_65644_1.jpg,1.44,JPG
unique_005.png,alpingaraget_550_images,095_payment.png,7.43,PNG
unique_006.png,alpingaraget_550_images,081_66988-10_1.png,119.32,PNG
unique_007.jpg,alpingaraget_550_images,115_65556_1.jpg,2.0,JPG
unique_008.jpg,alpingaraget_550_images,124_64629-135936_1.jpg,103.54,JPG
unique_009.png,alpingaraget_550_images,050_alpingaraget-logo.png,40.5,PNG
unique_010.jpg,alpingaraget_550_images,315_65271-143814_1.jpg,29.43,JPG
unique_011.png,alpingaraget_550_images,126_68257_1.png,39.05,PNG
unique_012.jpg,alpingaraget_550_images,308_59977-10_1.jpg,1.96,JPG
unique_013.jpg,alpingaraget_550_images,006_65778_1.jpg,63.16,JPG
unique_014.png,alpingaraget_550_images,282_66984-20_1.png,1.7,PNG
unique_015.jpg,alpingaraget_550_images,174_googles-guide-startsida-desktop.jpg,7.9,JPG
unique_016.png,alpingaraget_550_images,314_alpingaraget-logo.png,32.57,PNG
unique_017.png,alpingaraget_550_images,205_66928-143320_1.png,1.69,PNG
unique_018.jpg,alpingaraget_550_images,212_65686_1.jpg,1.86,JPG
unique_019.jpg,alpingaraget_550_images,231_54639-100240_1.jpg,1.75,JPG
unique_020.jpg,alpingaraget_550_images,285_IMG_0773.jpg,184.12,JPG
unique_021.jpg,alpingaraget_550_images,071_68768_1.jpg,149.91,JPG
unique_022.jpg,alpingaraget_550_images,144_68005-146322_1.jpg,140.54,JPG
unique_023.jpg,alpingaraget_550_images,148_68730_1.jpg,164.17,JPG
unique_024.png,alpingaraget_550_images,300_66984-20_1.png,44.18,PNG
unique_025.jpg,alpingaraget_550_images,142_65556_1.jpg,139.21,JPG
unique_026.png,alpingaraget_550_images,084_66928-143320_1.png,155.38,PNG
unique_027.jpg,alpingaraget_550_images,158_PEAK_SS24_AL_11.jpg,2.74,JPG
unique_028.jpg,alpingaraget_550_images,075_DSC01576.jpg,4130.3,JPG
unique_029.jpg,alpingaraget_550_images,004_68584-147854_1.jpg,1.2,JPG
unique_030.jpg,alpingaraget_550_images,028_59977-10_1.jpg,115.15,JPG
unique_031.png,alpingaraget_550_images,302_66933-143325_1.png,284.97,PNG
unique_032.jpg,alpingaraget_550_images,134_68362_1.jpg,1.43,JPG
unique_033.png,alpingaraget_550_images,092_66979-20_1.png,86.39,PNG
unique_034.jpg,alpingaraget_550_images,018_000072900007.jpg,936.11,JPG
unique_035.png,alpingaraget_550_images,051_facebook.png,2.51,PNG
unique_036.png,alpingaraget_550_images,063_66982-10_1.png,1.29,PNG
unique_037.png,alpingaraget_550_images,106_65862_1.png,1.28,PNG
unique_038.png,alpingaraget_550_images,002_66887-143148_1.png,399.09,PNG
unique_039.jpg,alpingaraget_550_images,279_68588-147861_1.jpg,54.05,JPG
unique_040.png,alpingaraget_550_images,185_Untitled-5.png,6.35,PNG
unique_041.jpg,alpingaraget_550_images,283_68585-147857_1.jpg,1.13,JPG
unique_042.jpg,alpingaraget_550_images,264_om-alpingaraget-startsida-desktop.jpg,4.85,JPG
unique_043.jpg,alpingaraget_550_images,140_68719_1.jpg,1.08,JPG
unique_044.jpg,alpingaraget_550_images,025_68731_1.jpg,162.49,JPG
unique_045.jpg,alpingaraget_550_images,055_Crash404.jpg,292.84,JPG
unique_046.jpg,alpingaraget_550_images,237_68794_1.jpg,110.47,JPG
unique_047.jpg,alpingaraget_550_images,060_68781_1.jpg,47.08,JPG
unique_048.jpg,alpingaraget_550_images,118_68603_1.jpg,1.9,JPG
unique_049.png,alpingaraget_550_images,249_66988-10_1.png,2.61,PNG
unique_050.png,alpingaraget_550_images,288_66932_1.png,64.57,PNG
unique_051.jpg,alpingaraget_550_images,085_68793_1.jpg,114.82,JPG
unique_052.png,alpingaraget_550_images,313_66986-10_1.png,119.91,PNG
unique_053.jpg,alpingaraget_550_images,171_68727_1.jpg,164.75,JPG
unique_054.jpg,alpingaraget_550_images,242_57649_1.jpg,45.86,JPG
unique_055.jpg,alpingaraget_550_images,068_68515_1.jpg,2.05,JPG
unique_056.png,alpingaraget_550_images,276_Launch-08---Landscape.png,9809.19,PNG
unique_057.png,alpingaraget_550_images,309_clap-white.png,3.5,PNG
unique_058.png,alpingaraget_550_images,119_68258_1.png,48.25,PNG
unique_059.jpg,alpingaraget_550_images,029_63184_1.jpg,81.04,JPG
unique_060.jpg,alpingaraget_550_images,251_65752_1.jpg,119.53,JPG
unique_061.png,alpingaraget_550_images,259_67000-10_1.png,1.06,PNG
unique_062.jpg,alpingaraget_550_images,153_KHP_3055.jpg,1772.35,JPG
unique_063.jpg,alpingaraget_550_images,067_presentkort-bild.jpg,31.29,JPG
unique_064.jpg,alpingaraget_550_images,057_68719_1.jpg,47.64,JPG
unique_065.jpg,alpingaraget_550_images,042_68585-147857_1.jpg,22.94,JPG
unique_066.jpg,alpingaraget_550_images,123_54639-100240_1.jpg,132.55,JPG
unique_067.jpg,alpingaraget_550_images,236_68373_1.jpg,127.85,JPG
unique_068.jpg,alpingaraget_550_images,104_68603_1.jpg,155.29,JPG
unique_069.jpg,alpingaraget_550_images,305_63950-139967_1.jpg,206.79,JPG
unique_070.jpg,alpingaraget_550_images,248_Kategori-väskor-23.jpg,3.9,JPG
unique_071.jpg,alpingaraget_550_images,165_68080_1.jpg,2.0,JPG
unique_072.jpg,alpingaraget_550_images,323_67050_1.jpg,66.42,JPG
unique_073.jpg,alpingaraget_550_images,156_60542-10_1.jpg,1.82,JPG
unique_074.jpg,alpingaraget_550_images,096_AG-Ski-club-banner-site.jpg,668.95,JPG
unique_075.png,alpingaraget_550_images,113_68207-147042_1.png,38.38,PNG
unique_076.png,alpingaraget_550_images,093_instagram.png,3.87,PNG
unique_077.png,alpingaraget_550_images,224_Untitled-2.png,4.88,PNG
unique_078.jpg,alpingaraget_550_images,049_68086_1.jpg,109.58,JPG
unique_079.jpg,alpingaraget_550_images,182_54637-100238_1.jpg,75.52,JPG
unique_080.jpg,alpingaraget_550_images,107_65644_1.jpg,76.6,JPG
unique_081.jpg,alpingaraget_550_images,177_68606_1.jpg,198.67,JPG
unique_082.png,alpingaraget_550_images,080_66989-10_1.png,2.1,PNG
unique_083.png,alpingaraget_550_images,234_Untitled-1.png,101.45,PNG
unique_084.jpg,alpingaraget_550_images,296_54637-139457_1.jpg,1.27,JPG
unique_085.png,alpingaraget_550_images,253_68765_1.png,57.92,PNG
unique_086.jpg,alpingaraget_550_images,141_60542-10_1.jpg,74.52,JPG
unique_087.jpg,alpingaraget_550_images,053_Kategori-Lavin-23.jpg,369.6,JPG
unique_088.jpg,alpingaraget_550_images,005_68727_1.jpg,2.47,JPG
unique_089.jpg,alpingaraget_550_images,170_68588-147861_1.jpg,1.18,JPG
unique_090.jpg,alpingaraget_550_images,246_68722_1.jpg,1.24,JPG
unique_091.jpg,alpingaraget_550_images,272_68780_1.jpg,1.09,JPG
unique_092.jpg,alpingaraget_550_images,009_68766-148188_1.jpg,63.57,JPG
unique_093.jpg,alpingaraget_550_images,287_54638-100239_1.jpg,207.89,JPG
unique_094.jpg,alpingaraget_550_images,275_63950-139967_1.jpg,1.87,JPG
unique_095.jpg,alpingaraget_550_images,204_62827-10_1.jpg,1.71,JPG
unique_096.jpg,alpingaraget_550_images,037_68373_1.jpg,1.84,JPG
unique_097.jpg,alpingaraget_550_images,163_57649_1.jpg,1.93,JPG
unique_098.png,alpingaraget_550_images,227_66983-10_1.png,81.59,PNG
unique_099.jpg,alpingaraget_550_images,076_68349_1.jpg,86.32,JPG
unique_100.png,alpingaraget_550_images,209_Untitled-9.png,117.22,PNG
unique_101.jpg,alpingaraget_550_images,166_Bootfitting-Turdell-desktop.jpg,7.55,JPG
unique_102.png,alpingaraget_550_images,173_overlay9_sv-SE.png,1.21,PNG
unique_103.jpg,alpingaraget_550_images,194_om-alpingaraget-startsida-desktop.jpg,139.52,JPG
unique_104.jpg,alpingaraget_550_images,169_68732_1.jpg,152.68,JPG
unique_105.png,alpingaraget_550_images,179_overlay11_sv-SE.png,1.28,PNG
unique_106.jpg,alpingaraget_550_images,189_65140-137998_1.jpg,1.21,JPG
unique_107.jpg,alpingaraget_550_images,020_68087_1.jpg,101.86,JPG
unique_108.jpg,alpingaraget_550_images,226_68726_1.jpg,161.38,JPG
unique_109.jpg,alpingaraget_550_images,183_FW24_Armada_Locator_10.jpg,1933.97,JPG
unique_110.jpg,alpingaraget_550_images,228_63948-133611_1.jpg,240.02,JPG
unique_111.jpg,alpingaraget_550_images,229_68828_1.jpg,56.64,JPG
unique_112.jpg,alpingaraget_550_images,230_65778_1.jpg,1.18,JPG
unique_113.jpg,alpingaraget_550_images,293_68468-147831_1.jpg,37.24,JPG
unique_114.png,alpingaraget_550_images,278_overlay6_sv-SE.png,7.49,PNG
unique_115.jpg,alpingaraget_550_images,310_KHP_3048.jpg,2167.62,JPG
unique_116.jpg,alpingaraget_550_images,263_DSC01590.jpg,3453.67,JPG
unique_117.jpg,alpingaraget_550_images,191_68820_1.jpg,83.1,JPG
unique_118.png,alpingaraget_550_images,295_Untitled-9.png,3.95,PNG
unique_119.jpg,alpingaraget_550_images,265_68359_1.jpg,70.02,JPG
unique_120.jpg,alpingaraget_550_images,046_68752_1.jpg,61.92,JPG
unique_121.png,alpingaraget_550_images,110_67000-10_1.png,28.09,PNG
unique_122.jpg,alpingaraget_550_images,280_68586-147858_1.jpg,1.13,JPG
unique_123.png,alpingaraget_550_images,082_66983-10_1.png,1.61,PNG
unique_124.jpg,alpingaraget_550_images,175_65650_1.jpg,2.77,JPG
unique_125.jpg,alpingaraget_550_images,039_54637-100238_1.jpg,1.24,JPG
unique_126.png,alpingaraget_550_images,121_66887-143148_1.png,2.51,PNG
unique_127.jpg,alpingaraget_550_images,190_65646_1.jpg,74.12,JPG
unique_128.png,alpingaraget_550_images,155_68813_1.png,668.66,PNG
unique_129.png,alpingaraget_550_images,221_Untitled-7.png,4.93,PNG
unique_130.jpg,alpingaraget_550_images,316_68584-147855_1.jpg,40.86,JPG
unique_131.png,alpingaraget_550_images,015_overlay22_sv-SE.png,1.36,PNG
unique_132.png,alpingaraget_550_images,181_68299_1.png,120.66,PNG
unique_133.jpg,alpingaraget_550_images,208_65671-139912_1.jpg,1.88,JPG
unique_134.jpg,alpingaraget_550_images,255_Hjälm-guide-startsida-desktop.jpg,90.54,JPG
unique_135.jpg,alpingaraget_550_images,184_68081_1.jpg,103.83,JPG
unique_136.jpg,alpingaraget_550_images,284_68614_1.jpg,101.92,JPG
unique_137.jpg,alpingaraget_550_images,078_DSC01576.jpg,7.72,JPG
unique_138.jpg,alpingaraget_550_images,197_68728_1.jpg,2.46,JPG
unique_139.png,alpingaraget_550_images,074_peace-orange.png,2.05,PNG
unique_140.jpg,alpingaraget_550_images,012_65271-143814_1.jpg,1.36,JPG
unique_141.jpg,alpingaraget_550_images,273_68733_1.jpg,150.86,JPG
unique_142.jpg,alpingaraget_550_images,211_68604_1.jpg,1.96,JPG
unique_143.jpg,alpingaraget_550_images,256_POC_Calyx_193_2000px_sRGB.jpg,197.21,JPG
unique_144.jpg,alpingaraget_550_images,250_68723_1.jpg,1.28,JPG
unique_145.jpg,alpingaraget_550_images,320_65659-139892_1.jpg,2.21,JPG
unique_146.jpg,alpingaraget_550_images,199_65646_1.jpg,1.4,JPG
unique_147.jpg,alpingaraget_550_images,306_68586-147859_1.jpg,41.71,JPG
unique_148.jpg,alpingaraget_550_images,056_63184_1.jpg,2.03,JPG
unique_149.jpg,alpingaraget_550_images,136_68602_1.jpg,2.12,JPG
unique_150.jpg,alpingaraget_550_images,114_68604_1.jpg,165.54,JPG
unique_151.jpg,alpingaraget_550_images,304_65633-139815_1.jpg,2.04,JPG
unique_152.jpg,alpingaraget_550_images,101_65701-139969_1.jpg,195.56,JPG
unique_153.jpg,alpingaraget_550_images,011_68583-147852_1.jpg,60.41,JPG
unique_154.jpg,alpingaraget_550_images,059_67525-20_1.jpg,234.09,JPG
unique_155.jpg,alpingaraget_550_images,271_63294_1.jpg,172.61,JPG
unique_156.png,alpingaraget_550_images,281_apc_dcc_logo.png,26.3,PNG
unique_157.jpg,alpingaraget_550_images,241_68752_1.jpg,1.3,JPG
unique_158.jpg,alpingaraget_550_images,238_68608_1.jpg,1.9,JPG
unique_159.jpg,alpingaraget_550_images,266_KHP_3091-2.jpg,1.83,JPG
unique_160.jpg,alpingaraget_550_images,003_68417-20_1.jpg,153.24,JPG
unique_161.jpg,alpingaraget_550_images,202_KHP_3091-2.jpg,1110.25,JPG
unique_162.png,alpingaraget_550_images,010_66989-10_1.png,52.94,PNG
unique_163.jpg,alpingaraget_550_images,326_Kategori-utrustning-23.jpg,5.04,JPG
unique_164.jpg,alpingaraget_550_images,196_54367_1.jpg,1.5,JPG
unique_165.png,alpingaraget_550_images,324_68812.png,668.14,PNG
unique_166.jpg,alpingaraget_550_images,109_Kategori-pjäxor-23.jpg,223.22,JPG
unique_167.png,alpingaraget_550_images,103_66341-10_1.png,119.26,PNG
unique_168.jpg,alpingaraget_550_images,223_68728_1.jpg,163.88,JPG
unique_169.jpg,alpingaraget_550_images,299_61595-10_1.jpg,2.15,JPG
unique_170.png,alpingaraget_550_images,277_Untitled-3.png,4.95,PNG
unique_171.jpg,alpingaraget_550_images,317_54367_1.jpg,71.38,JPG
unique_172.png,alpingaraget_550_images,274_apc_dcc_logo.png,7.77,PNG
unique_173.jpg,alpingaraget_550_images,240_62827-10_1.jpg,182.82,JPG
unique_174.jpg,alpingaraget_550_images,105_68780_1.jpg,51.46,JPG
unique_175.png,alpingaraget_550_images,149_66984-10_1.png,1.37,PNG
unique_176.jpg,alpingaraget_550_images,257_65659-139892_1.jpg,246.32,JPG
unique_177.jpg,alpingaraget_550_images,098_68583-147852_1.jpg,2.33,JPG
unique_178.png,alpingaraget_550_images,088_65862_1.png,61.36,PNG
unique_179.jpg,alpingaraget_550_images,043_67921-146026_1.jpg,61.27,JPG
unique_180.jpg,alpingaraget_550_images,164_68608_1.jpg,176.23,JPG
unique_181.jpg,alpingaraget_550_images,130_67920-146021_1.jpg,49.25,JPG
unique_182.jpg,alpingaraget_550_images,135_68730_1.jpg,2.43,JPG
unique_183.jpg,alpingaraget_550_images,077_56434.jpg,164.45,JPG
unique_184.jpg,alpingaraget_550_images,065_68729_1.jpg,164.32,JPG
unique_185.jpg,alpingaraget_550_images,116_POC_Calyx_193_2000px_sRGB.jpg,3.92,JPG
unique_186.png,alpingaraget_550_images,216_66998-10_1.png,119.06,PNG
unique_187.png,alpingaraget_550_images,258_68765_1.png,1.17,PNG
unique_188.jpg,alpingaraget_550_images,091_-68821_1.jpg,101.04,JPG
unique_189.png,alpingaraget_550_images,145_payment.png,2.67,PNG
unique_190.jpg,alpingaraget_550_images,206_68349_1.jpg,1.14,JPG
unique_191.jpg,alpingaraget_550_images,254_68606_1.jpg,2.11,JPG
unique_192.jpg,alpingaraget_550_images,125_65752_1.jpg,1.7,JPG
unique_193.jpg,alpingaraget_550_images,089_68602_1.jpg,153.94,JPG
unique_194.jpg,alpingaraget_550_images,325_68607_1.jpg,2.0,JPG
unique_195.jpg,alpingaraget_550_images,222_68586-147859_1.jpg,1.2,JPG
unique_196.jpg,alpingaraget_550_images,260_68594-147868_1.jpg,56.96,JPG
unique_197.jpg,alpingaraget_550_images,267_62828-10_1.jpg,70.12,JPG
unique_198.jpg,alpingaraget_550_images,192_68720_1.jpg,56.44,JPG
unique_199.jpg,alpingaraget_550_images,233_68514_1.jpg,2.05,JPG
unique_200.png,alpingaraget_550_images,319_Untitled-4.png,4.56,PNG
unique_201.jpg,alpingaraget_550_images,214_68468-147831_1.jpg,1.05,JPG
unique_202.jpg,alpingaraget_550_images,172_65633-139815_1.jpg,170.47,JPG
unique_203.jpg,alpingaraget_550_images,303_68363_1.jpg,31.0,JPG
unique_204.png,alpingaraget_550_images,210_67613-10_1.png,1.48,PNG
unique_205.png,alpingaraget_550_images,247_67006-20_1.png,98.21,PNG
unique_206.jpg,alpingaraget_550_images,161_presentkort-bild.jpg,1.23,JPG
unique_207.png,alpingaraget_550_images,157_Untitled-7.png,190.15,PNG
unique_208.jpg,alpingaraget_550_images,132_68589-147865_1.jpg,51.54,JPG
unique_209.jpg,alpingaraget_550_images,047_68609_1.jpg,1.98,JPG
unique_210.jpg,alpingaraget_550_images,168_68764-148183_1.jpg,41.98,JPG
unique_211.png,alpingaraget_550_images,007_68813_1.png,2.42,PNG
unique_212.jpg,alpingaraget_550_images,117_68359_1.jpg,2.19,JPG
unique_213.png,alpingaraget_550_images,151_66979-20_1.png,1.82,PNG
unique_214.jpg,alpingaraget_550_images,327_68083_1.jpg,2.09,JPG
unique_215.png,alpingaraget_550_images,290_alpingaraget-logo.png,32.59,PNG
unique_216.jpg,alpingaraget_550_images,001_000072900007.jpg,6.73,JPG
unique_217.jpg,alpingaraget_550_images,203_63294_1.jpg,1.83,JPG
unique_218.jpg,alpingaraget_550_images,176_63948-133611_1.jpg,2.01,JPG
unique_219.jpg,alpingaraget_550_images,102_60514-20_1.jpg,64.45,JPG
unique_220.png,alpingaraget_550_images,073_66932_1.png,1.83,PNG
unique_221.jpg,alpingaraget_550_images,097_Kategori-pjäxor-23.jpg,5.15,JPG
unique_222.jpg,alpingaraget_550_images,311_68584-147856_1.jpg,39.85,JPG
unique_223.jpg,alpingaraget_550_images,041_68080_1.jpg,100.49,JPG
unique_224.png,alpingaraget_550_images,019_rocket-white.png,3.88,PNG
unique_225.jpg,alpingaraget_550_images,262_68732_1.jpg,2.22,JPG
unique_226.jpg,alpingaraget_550_images,244_65699-139966_1.jpg,1.9,JPG
unique_227.png,alpingaraget_550_images,090_67613-20_1.png,34.61,PNG
unique_228.jpg,alpingaraget_550_images,201_68082_1.jpg,2.04,JPG
unique_229.jpg,alpingaraget_550_images,188_63293_1.jpg,155.48,JPG
unique_230.jpg,alpingaraget_550_images,079_67525-20_1.jpg,2.59,JPG
unique_231.jpg,alpingaraget_550_images,321_65651_1.jpg,211.49,JPG
unique_232.png,alpingaraget_550_images,052_Untitled-2.png,92.38,PNG
unique_233.jpg,alpingaraget_550_images,024_Kategori-skidor-23.jpg,6.78,JPG
unique_234.jpg,alpingaraget_550_images,186_65650_1.jpg,220.09,JPG
unique_235.png,alpingaraget_550_images,070_66341-10_1.png,1.77,PNG
unique_236.jpg,alpingaraget_550_images,269_Bootfitting-Turdell-desktop.jpg,147.24,JPG
unique_237.jpg,alpingaraget_550_images,286_65509_1.jpg,14.09,JPG
unique_238.png,alpingaraget_550_images,033_Tik-tok-logga.png,27.92,PNG
unique_239.jpg,alpingaraget_550_images,040_65699-139966_1.jpg,160.89,JPG
unique_240.jpg,alpingaraget_550_images,289_68729_1.jpg,2.43,JPG
unique_241.png,alpingaraget_550_images,094_67000-20_1.png,54.99,PNG
unique_242.jpg,alpingaraget_550_images,087_68795_1.jpg,197.5,JPG
unique_243.png,alpingaraget_550_images,154_68812.png,2.41,PNG
unique_244.jpg,alpingaraget_550_images,032_68731_1.jpg,2.4,JPG
unique_245.jpg,alpingaraget_550_images,083_68726_1.jpg,2.47,JPG
unique_246.jpg,alpingaraget_550_images,252_Kategori-väskor-23.jpg,296.08,JPG
unique_247.png,alpingaraget_550_images,021_66996-20_1.png,66.56,PNG
unique_248.jpg,alpingaraget_550_images,180_65701-139969_1.jpg,1.97,JPG
unique_249.jpg,alpingaraget_550_images,220_65753_1.jpg,1.62,JPG
unique_250.png,alpingaraget_550_images,048_67613-10_1.png,36.83,PNG
unique_251.jpg,alpingaraget_550_images,152_68588-147862_1.jpg,1.04,JPG
unique_252.jpg,alpingaraget_550_images,127_68599_1.jpg,175.23,JPG
unique_253.jpg,alpingaraget_550_images,232_68767_1.jpg,1.08,JPG
unique_254.jpg,alpingaraget_550_images,129_65651_1.jpg,2.27,JPG
unique_255.jpg,alpingaraget_550_images,128_67920-146021_1.jpg,1.21,JPG
unique_256.jpg,alpingaraget_550_images,143_68609_1.jpg,165.94,JPG
unique_257.jpg,alpingaraget_550_images,066_65671-139912_1.jpg,122.26,JPG
unique_258.png,alpingaraget_550_images,328_66986-10_1.png,2.17,PNG
unique_259.png,alpingaraget_550_images,038_68299_1.png,1.67,PNG
unique_260.jpg,alpingaraget_550_images,215_Kategori-utrustning-23.jpg,288.64,JPG
unique_261.png,alpingaraget_550_images,294_clap-orange.png,2.58,PNG
unique_262.png,alpingaraget_550_images,139_68258_1.png,1.66,PNG
unique_263.jpg,alpingaraget_550_images,023_68721_1.jpg,42.07,JPG
unique_264.jpg,alpingaraget_550_images,100_65686_1.jpg,115.34,JPG
unique_265.png,alpingaraget_550_images,022_66984-10_1.png,57.6,PNG
unique_266.jpg,alpingaraget_550_images,099_65685_1.jpg,126.63,JPG
unique_267.png,alpingaraget_550_images,086_66987-10_1.png,1.89,PNG
unique_268.jpg,alpingaraget_550_images,291_68720_1.jpg,1.24,JPG
unique_269.jpg,alpingaraget_550_images,187_AG-Ski-club-banner-site.jpg,2.17,JPG
unique_270.png,alpingaraget_550_images,218_66933-143325_1.png,2.44,PNG
unique_271.jpg,alpingaraget_550_images,167_IMG_0773.jpg,2.34,JPG
unique_272.jpg,alpingaraget_550_images,219_KHP_3048.jpg,2.08,JPG
unique_273.jpg,alpingaraget_550_images,111_68768_1.jpg,2.49,JPG
unique_274.jpg,alpingaraget_550_images,207_67009-143520_1.jpg,192.65,JPG
unique_275.jpg,alpingaraget_550_images,243_68362_1.jpg,35.36,JPG
unique_276.jpg,alpingaraget_550_images,160_68767_1.jpg,28.74,JPG
unique_277.jpg,alpingaraget_550_images,193_65753_1.jpg,44.78,JPG
unique_278.png,alpingaraget_550_images,146_Untitled-1.png,3.5,PNG
unique_279.jpg,alpingaraget_550_images,261_68380_1.jpg,36.69,JPG
unique_280.jpg,alpingaraget_550_images,061_68723_1.jpg,41.33,JPG
unique_281.jpg,alpingaraget_550_images,159_Hjälm-guide-startsida-desktop.jpg,5.09,JPG
unique_282.jpg,alpingaraget_550_images,120_68825_1.jpg,108.54,JPG
unique_283.png,alpingaraget_550_images,307_Untitled-4.png,155.95,PNG
unique_284.jpg,alpingaraget_550_images,133_68513_1.jpg,156.04,JPG
unique_285.jpg,alpingaraget_550_images,069_64694-10_1.jpg,78.02,JPG
unique_286.jpg,alpingaraget_550_images,016_68513_1.jpg,2.15,JPG
unique_287.jpg,alpingaraget_550_images,138_PEAK_SS24_AL_11.jpg,2212.86,JPG
unique_288.jpg,alpingaraget_550_images,198_68586-147858_1.jpg,46.87,JPG
unique_289.jpg,alpingaraget_550_images,225_Kategori-Lavin-23.jpg,6.09,JPG
unique_290.jpg,alpingaraget_550_images,322_68514_1.jpg,153.79,JPG
unique_291.jpg,alpingaraget_550_images,030_62829-10_1.jpg,161.48,JPG
unique_292.jpg,alpingaraget_550_images,298_68417-20_1.jpg,1.35,JPG
unique_293.png,alpingaraget_550_images,045_Untitled-5.png,194.35,PNG
unique_294.png,alpingaraget_550_images,268_alpingaraget-logo.png,14.92,PNG
unique_295.jpg,alpingaraget_550_images,035_68722_1.jpg,46.12,JPG
unique_296.png,alpingaraget_550_images,058_mountain-orange.png,1.64,PNG
unique_297.png,alpingaraget_550_images,034_67006-10_1.png,102.13,PNG
unique_298.png,alpingaraget_550_images,162_rocket-orange.png,2.82,PNG
unique_299.jpg,alpingaraget_550_images,195_68584-147856_1.jpg,1.32,JPG
unique_300.png,alpingaraget_550_images,217_66982-10_1.png,47.09,PNG
unique_301.png,alpingaraget_550_images,027_Untitled-3.png,397.92,PNG
unique_302.jpg,alpingaraget_550_images,072_DSC01590.jpg,5.99,JPG
unique_303.png,alpingaraget_550_images,312_mountain-white.png,2.06,PNG
unique_304.jpg,alpingaraget_550_images,036_65670-147592_1.jpg,233.24,JPG
unique_305.jpg,alpingaraget_550_images,239_65140-137998_1.jpg,56.22,JPG
unique_306.jpg,alpingaraget_550_images,112_64694-10_1.jpg,1.71,JPG
unique_307.png,alpingaraget_550_images,014_68257_1.png,1.31,PNG
unique_308.jpg,alpingaraget_550_images,245_68588-147863_1.jpg,58.38,JPG
unique_309.jpg,alpingaraget_550_images,178_Kategori-hjälmar-23.jpg,5.13,JPG
unique_310.png,alpingaraget_550_images,062_66987-10_1.png,43.64,PNG
unique_311.jpg,alpingaraget_550_images,213_68588-147862_1.jpg,49.98,JPG
unique_312.jpg,alpingaraget_550_images,044_68797_1.jpg,110.19,JPG
unique_313.jpg,alpingaraget_550_images,200_61595-10_1.jpg,393.55,JPG
unique_314.png,alpingaraget_550_images,147_66996-20_1.png,1.5,PNG
unique_315.jpg,alpingaraget_550_images,292_68721_1.jpg,1.22,JPG
unique_316.jpg,alpingaraget_550_images,131_63293_1.jpg,1.88,JPG
unique_317.jpg,alpingaraget_550_images,017_Kategori-skidor-23.jpg,529.08,JPG
unique_318.jpg,alpingaraget_550_images,137_54638-100239_1.jpg,1.81,JPG
unique_319.jpg,alpingaraget_550_images,054_68081_1.jpg,2.08,JPG
unique_320.jpg,alpingaraget_550_images,026_56434.jpg,1.89,JPG
unique_321.jpg,alpingaraget_550_images,013_54637-139457_1.jpg,50.83,JPG
unique_322.jpg,alpingaraget_550_images,318_Kategori-hjälmar-23.jpg,299.04,JPG
unique_323.jpg,alpingaraget_550_images,008_68584-147854_1.jpg,43.16,JPG
unique_324.jpg,alpingaraget_550_images,301_68607_1.jpg,176.55,JPG
unique_325.jpg,alpingaraget_550_images,122_68599_1.jpg,2.26,JPG
unique_326.jpg,alpingaraget_550_images,031_68083_1.jpg,110.13,JPG
unique_327.jpg,alpingaraget_550_images,108_68584-147855_1.jpg,1.19,JPG
unique_328.jpg,alpingaraget_550_images,297_67921-146026_1.jpg,1.1,JPG
unique_329.jpg,alpingaraget_enhanced_images,140_62658_1.jpg,1.01,JPG
unique_330.jpeg,alpingaraget_enhanced_images,142_66814-142918_1.jpeg,1.38,JPEG
unique_331.png,alpingaraget_enhanced_images,079_55314-1900_1.png,1.94,PNG
unique_332.jpg,alpingaraget_enhanced_images,123_68799-148264_1.jpg,1.27,JPG
unique_333.png,alpingaraget_enhanced_images,008_58113-114116_1.png,59.64,PNG
unique_334.jpg,alpingaraget_enhanced_images,134_68325_1.jpg,1.04,JPG
unique_335.jpg,alpingaraget_enhanced_images,048_68588-147862_1.jpg,36.38,JPG
unique_336.jpg,alpingaraget_enhanced_images,092_68232_1.jpg,178.79,JPG
unique_337.jpeg,alpingaraget_enhanced_images,032_66814-142920_1.jpeg,49.69,JPEG
unique_338.jpg,alpingaraget_enhanced_images,151_62377-127792_1.jpg,251.19,JPG
unique_339.jpg,alpingaraget_enhanced_images,071_56242_1.jpg,55.54,JPG
unique_340.png,alpingaraget_enhanced_images,011_68178_1.png,2.02,PNG
unique_341.png,alpingaraget_enhanced_images,089_66782-40_1.png,89.6,PNG
unique_342.png,alpingaraget_enhanced_images,091_65354-10_1.png,370.01,PNG
unique_343.jpg,alpingaraget_enhanced_images,006_56679_1.jpg,55.04,JPG
unique_344.jpg,alpingaraget_enhanced_images,069_67531-40_1.jpg,2.11,JPG
unique_345.png,alpingaraget_enhanced_images,121_68301_1.png,1.52,PNG
unique_346.jpg,alpingaraget_enhanced_images,018_67050_1.jpg,1.45,JPG
unique_347.jpg,alpingaraget_enhanced_images,082_63764_1.jpg,1.34,JPG
unique_348.jpg,alpingaraget_enhanced_images,132_68794_1.jpg,2.02,JPG
unique_349.png,alpingaraget_enhanced_images,017_64774-145124_1.png,1.51,PNG
unique_350.jpeg,alpingaraget_enhanced_images,094_66814-142920_1.jpeg,1.5,JPEG
unique_351.jpeg,alpingaraget_enhanced_images,131_66814-142919_1.jpeg,86.18,JPEG
unique_352.jpg,alpingaraget_enhanced_images,068_68318_1.jpg,1.28,JPG
unique_353.jpg,alpingaraget_enhanced_images,021_goggles-hero-1.jpg,6.22,JPG
unique_354.jpg,alpingaraget_enhanced_images,085_68793_1.jpg,2.01,JPG
unique_355.jpg,alpingaraget_enhanced_images,015_68308_1.jpg,31.21,JPG
unique_356.jpg,alpingaraget_enhanced_images,043_Hero-1.jpg,5.63,JPG
unique_357.jpg,alpingaraget_enhanced_images,078_68808-148281_1.jpg,1.3,JPG
unique_358.jpg,alpingaraget_enhanced_images,144_62655_1.jpg,45.11,JPG
unique_359.jpg,alpingaraget_enhanced_images,087_68501-147759_1.jpg,1.29,JPG
unique_360.jpg,alpingaraget_enhanced_images,096_62381_1.jpg,206.09,JPG
unique_361.jpg,alpingaraget_enhanced_images,101_68703_1.jpg,1.24,JPG
unique_362.png,alpingaraget_enhanced_images,065_68175_1.png,143.72,PNG
unique_363.jpg,alpingaraget_enhanced_images,083_64820_1.jpg,1.13,JPG
unique_364.png,alpingaraget_enhanced_images,028_68174_1.png,127.83,PNG
unique_365.jpg,alpingaraget_enhanced_images,004_62934-129773_1.jpg,2.62,JPG
unique_366.png,alpingaraget_enhanced_images,009_68292_1.png,100.73,PNG
unique_367.jpg,alpingaraget_enhanced_images,012_67531-20_1.jpg,2.18,JPG
unique_368.jpg,alpingaraget_enhanced_images,034_63355_1.jpg,66.69,JPG
unique_369.jpg,alpingaraget_enhanced_images,049_68737_1.jpg,77.4,JPG
unique_370.jpg,alpingaraget_enhanced_images,135_65409-30_1.jpg,100.15,JPG
unique_371.jpg,alpingaraget_enhanced_images,064_68305_1.jpg,2.39,JPG
unique_372.jpg,alpingaraget_enhanced_images,013_63357_1.jpg,1.91,JPG
unique_373.png,alpingaraget_enhanced_images,133_67081-143650_1.png,1.48,PNG
unique_374.jpg,alpingaraget_enhanced_images,111_63764_1.jpg,87.05,JPG
unique_375.jpg,alpingaraget_enhanced_images,149_Anton-17.jpg,4.46,JPG
unique_376.jpg,alpingaraget_enhanced_images,156_68703_1.jpg,58.9,JPG
unique_377.png,alpingaraget_enhanced_images,090_65794_1.png,142.45,PNG
unique_378.jpg,alpingaraget_enhanced_images,059_68797_1.jpg,2.09,JPG
unique_379.jpg,alpingaraget_enhanced_images,054_-62659_1.jpg,39.71,JPG
unique_380.jpg,alpingaraget_enhanced_images,044_60145-120572_1.jpg,1.48,JPG
unique_381.jpeg,alpingaraget_enhanced_images,120_66814-142921_1.jpeg,53.19,JPEG
unique_382.png,alpingaraget_enhanced_images,118_68177_1.png,131.54,PNG
unique_383.png,alpingaraget_enhanced_images,023_67080-143649_1.png,44.68,PNG
unique_384.png,alpingaraget_enhanced_images,002_64778-145146_1.png,46.69,PNG
unique_385.jpg,alpingaraget_enhanced_images,041_53796_1.jpg,205.63,JPG
unique_386.jpg,alpingaraget_enhanced_images,076_63547-143125_1.jpg,1.08,JPG
unique_387.jpg,alpingaraget_enhanced_images,045_68795_1.jpg,2.02,JPG
unique_388.jpg,alpingaraget_enhanced_images,001_68326_1.jpg,66.59,JPG
unique_389.jpg,alpingaraget_enhanced_images,088_68701_1.jpg,1.15,JPG
unique_390.jpg,alpingaraget_enhanced_images,113_68363_1.jpg,0.79,JPG
unique_391.png,alpingaraget_enhanced_images,102_68176_1.png,145.5,PNG
unique_392.jpg,alpingaraget_enhanced_images,114_65254-143765_1.jpg,1.43,JPG
unique_393.jpeg,alpingaraget_enhanced_images,086_66814-142918_1.jpeg,35.44,JPEG
unique_394.png,alpingaraget_enhanced_images,137_67078-143647_1.png,54.7,PNG
unique_395.jpg,alpingaraget_enhanced_images,084_skidvardstips.jpg,8.13,JPG
unique_396.jpeg,alpingaraget_enhanced_images,005_66814-142921_1.jpeg,1.4,JPEG
unique_397.jpg,alpingaraget_enhanced_images,072_68325_1.jpg,49.83,JPG
unique_398.png,alpingaraget_enhanced_images,074_66782-40_1.png,1.81,PNG
unique_399.jpg,alpingaraget_enhanced_images,073_62661_1.jpg,0.97,JPG
unique_400.png,alpingaraget_enhanced_images,106_58113-114116_1.png,1.33,PNG
unique_401.jpg,alpingaraget_enhanced_images,046_67928-10_1.jpg,1.42,JPG
unique_402.jpg,alpingaraget_enhanced_images,077_68380_1.jpg,0.85,JPG
unique_403.jpg,alpingaraget_enhanced_images,057_67531-10_1.jpg,121.31,JPG
unique_404.png,alpingaraget_enhanced_images,139_66980-10_1.png,91.84,PNG
unique_405.jpg,alpingaraget_enhanced_images,060_68316_1.jpg,1.28,JPG
unique_406.png,alpingaraget_enhanced_images,062_68178_1.png,141.0,PNG
unique_407.png,alpingaraget_enhanced_images,067_68301_1.png,73.13,PNG
unique_408.jpg,alpingaraget_enhanced_images,020_62668-20_1.jpg,191.28,JPG
unique_409.jpg,alpingaraget_enhanced_images,145_68701_1.jpg,56.96,JPG
unique_410.jpg,alpingaraget_enhanced_images,051_68702_1.jpg,1.16,JPG
unique_411.jpg,alpingaraget_enhanced_images,030_56242_1.jpg,1.2,JPG
unique_412.png,alpingaraget_enhanced_images,058_68175_1.png,2.03,PNG
unique_413.png,alpingaraget_enhanced_images,128_68306_1.png,2.39,PNG
unique_414.jpg,alpingaraget_enhanced_images,108_68308_1.jpg,1.19,JPG
unique_415.png,alpingaraget_enhanced_images,129_68058_1.png,2.38,PNG
unique_416.png,alpingaraget_enhanced_images,039_jlindeberg-kampanj.png,54.27,PNG
unique_417.png,alpingaraget_enhanced_images,097_67081-143650_1.png,79.86,PNG
unique_418.jpg,alpingaraget_enhanced_images,036_67362-10_1.jpg,1.48,JPG
unique_419.jpg,alpingaraget_enhanced_images,070_65029-137655_1.jpg,108.36,JPG
unique_420.jpg,alpingaraget_enhanced_images,053_68583-147852_1.jpg,1.38,JPG
unique_421.jpg,alpingaraget_enhanced_images,010_68614_1.jpg,69.02,JPG
unique_422.jpg,alpingaraget_enhanced_images,150_63909-133531_1.jpg,2.3,JPG
unique_423.png,alpingaraget_enhanced_images,093_64774-145123_1.png,31.16,PNG
unique_424.jpg,alpingaraget_enhanced_images,055_67362-10_1.jpg,73.37,JPG
unique_425.jpg,alpingaraget_enhanced_images,125_63950-139967_1.jpg,225.71,JPG
unique_426.jpg,alpingaraget_enhanced_images,110_68790-148238_1.jpg,50.61,JPG
unique_427.jpg,alpingaraget_enhanced_images,103_race.jpg,7.15,JPG
unique_428.jpg,alpingaraget_enhanced_images,063_67921-146026_1.jpg,55.93,JPG
unique_429.jpg,alpingaraget_enhanced_images,047_68318_1.jpg,84.0,JPG
unique_430.jpg,alpingaraget_enhanced_images,007_67531-10_1.jpg,2.12,JPG
unique_431.png,alpingaraget_enhanced_images,027_67079-143648_1.png,53.63,PNG
unique_432.jpg,alpingaraget_enhanced_images,147_68799-148264_1.jpg,60.94,JPG
unique_433.jpg,alpingaraget_enhanced_images,116_62934-129773_1.jpg,294.62,JPG
unique_434.jpg,alpingaraget_enhanced_images,155_67531-40_1.jpg,149.06,JPG
unique_435.jpg,alpingaraget_enhanced_images,099_67928-10_1.jpg,75.19,JPG
unique_436.png,alpingaraget_enhanced_images,105_overlay17_sv-SE.png,5.96,PNG
unique_437.jpeg,alpingaraget_enhanced_images,035_66814-142917_1.jpeg,69.26,JPEG
unique_438.png,alpingaraget_enhanced_images,100_64774-145123_1.png,1.29,PNG
unique_439.png,alpingaraget_enhanced_images,112_65047-100_1.png,95.36,PNG
unique_440.jpg,alpingaraget_enhanced_images,075_68513_1.jpg,159.94,JPG
unique_441.jpg,alpingaraget_enhanced_images,037_68802-148267_1.jpg,1.62,JPG
unique_442.jpg,alpingaraget_enhanced_images,016_63358_1.jpg,68.06,JPG
unique_443.jpg,alpingaraget_enhanced_images,025_60144_1.jpg,2.12,JPG
unique_444.png,alpingaraget_enhanced_images,003_66782-10_1.png,82.5,PNG
unique_445.jpg,alpingaraget_enhanced_images,141_62658_1.jpg,44.24,JPG
unique_446.png,alpingaraget_enhanced_images,152_55314-1900_1.png,112.37,PNG
unique_447.png,alpingaraget_enhanced_images,117_65794_1.png,1.92,PNG
unique_448.jpg,alpingaraget_enhanced_images,146_62381_1.jpg,2.19,JPG
unique_449.jpg,alpingaraget_enhanced_images,124_65665_1.jpg,1.96,JPG
unique_450.jpg,alpingaraget_enhanced_images,130_68046_1.jpg,1.21,JPG
unique_451.jpg,alpingaraget_enhanced_images,107_63358_1.jpg,1.67,JPG
unique_452.jpg,alpingaraget_enhanced_images,138_68316_1.jpg,66.39,JPG
unique_453.png,alpingaraget_enhanced_images,127_67079-143648_1.png,1.45,PNG
unique_454.jpg,alpingaraget_enhanced_images,052_68326_1.jpg,0.91,JPG
unique_455.jpg,alpingaraget_enhanced_images,056_68437-10_1.jpg,295.86,JPG
unique_456.png,alpingaraget_enhanced_images,080_64774-145124_1.png,43.66,PNG
unique_457.png,alpingaraget_enhanced_images,042_68306_1.png,106.09,PNG
unique_458.png,alpingaraget_enhanced_images,109_68177_1.png,2.24,PNG
unique_459.jpg,alpingaraget_enhanced_images,061_65665_1.jpg,74.4,JPG
unique_460.jpg,alpingaraget_enhanced_images,104_65509_1.jpg,0.79,JPG
unique_461.jpg,alpingaraget_enhanced_images,066_62377-127792_1.jpg,2.45,JPG
unique_462.jpg,alpingaraget_enhanced_images,122_68706_1.jpg,54.93,JPG
unique_463.jpg,alpingaraget_enhanced_images,136_62932-129769_1.jpg,197.04,JPG
unique_464.png,alpingaraget_enhanced_images,040_67614-145078_1.png,1.37,PNG
unique_465.jpg,alpingaraget_enhanced_images,154_-68821_1.jpg,1.45,JPG
unique_466.jpg,alpingaraget_enhanced_images,081_-62659_1.jpg,1.0,JPG
unique_467.jpg,alpingaraget_enhanced_images,115_68317_1.jpg,1.23,JPG
unique_468.jpg,alpingaraget_enhanced_images,038_Anton-3.jpg,8.6,JPG
unique_469.png,alpingaraget_enhanced_images,148_68174_1.png,2.01,PNG
unique_470.png,alpingaraget_enhanced_images,026_67078-143647_1.png,1.44,PNG
unique_471.jpg,alpingaraget_enhanced_images,143_68801-148266_1.jpg,140.11,JPG
unique_472.png,alpingaraget_enhanced_images,095_67614-145078_1.png,36.25,PNG
unique_473.jpg,alpingaraget_enhanced_images,022_67014_1.jpg,46.71,JPG
unique_474.jpg,alpingaraget_enhanced_images,019_68493-10_1.jpg,1.95,JPG
unique_475.jpg,alpingaraget_enhanced_images,119_63356_1.jpg,62.29,JPG
unique_476.jpg,alpingaraget_enhanced_images,031_68359_1.jpg,1.28,JPG
unique_477.jpg,alpingaraget_enhanced_images,050_68317_1.jpg,79.92,JPG
unique_478.jpg,alpingaraget_enhanced_images,024_67015_1.jpg,1.55,JPG
unique_479.jpg,alpingaraget_enhanced_images,029_65352-100_1.jpg,105.69,JPG
unique_480.jpg,alpingaraget_enhanced_images,033_68437-10_1.jpg,2.52,JPG
unique_481.png,alpingaraget_enhanced_images,098_66980-10_1.png,1.84,PNG
unique_482.jpg,alpingaraget_enhanced_images,014_56679_1.jpg,1.05,JPG
unique_483.jpg,alpingaraget_enhanced_images,126_68820_1.jpg,1.38,JPG
unique_484.jpg,alpingaraget_enhanced_images,153_62655_1.jpg,1.1,JPG
unique_485.webp,alpingaraget_images,product_138.webp,0.46,WEBP
unique_486.webp,alpingaraget_images,product_092.webp,0.34,WEBP
unique_487.webp,alpingaraget_images,product_084.webp,0.46,WEBP
unique_488.webp,alpingaraget_images,product_102.webp,0.37,WEBP
unique_489.webp,alpingaraget_images,product_047.webp,40.15,WEBP
unique_490.webp,alpingaraget_images,product_155.webp,68.63,WEBP
unique_491.webp,alpingaraget_images,product_143.webp,64.43,WEBP
unique_492.jpg,alpingaraget_images,product_131.jpg,108.13,JPG
unique_493.jpg,alpingaraget_images,product_119.jpg,67.5,JPG
unique_494.webp,alpingaraget_images,product_114.webp,0.37,WEBP
unique_495.webp,alpingaraget_images,product_051.webp,14.78,WEBP
unique_496.webp,alpingaraget_images,product_163.webp,628.94,WEBP
unique_497.webp,alpingaraget_images,product_071.webp,28.51,WEBP
unique_498.webp,alpingaraget_images,product_134.webp,0.46,WEBP
unique_499.webp,alpingaraget_images,product_067.webp,57.45,WEBP
unique_500.webp,alpingaraget_images,product_122.webp,0.65,WEBP
unique_501.webp,alpingaraget_images,product_088.webp,0.45,WEBP
unique_502.jpg,alpingaraget_images,product_053.jpg,47.39,JPG
unique_503.webp,alpingaraget_images,product_118.webp,0.44,WEBP
unique_504.webp,alpingaraget_images,product_158.webp,0.43,WEBP
unique_505.webp,alpingaraget_images,product_066.webp,0.34,WEBP
unique_506.webp,alpingaraget_images,product_123.webp,23.14,WEBP
unique_507.webp,alpingaraget_images,product_089.webp,64.99,WEBP
unique_508.webp,alpingaraget_images,product_070.webp,0.4,WEBP
unique_509.webp,alpingaraget_images,product_135.webp,57.28,WEBP
unique_510.webp,alpingaraget_images,product_162.webp,0.31,WEBP
unique_511.webp,alpingaraget_images,product_115.webp,17.54,WEBP
unique_512.webp,alpingaraget_images,product_050.webp,0.45,WEBP
unique_513.jpg,alpingaraget_images,product_121.jpg,143.13,JPG
unique_514.webp,alpingaraget_images,product_142.webp,0.34,WEBP
unique_515.webp,alpingaraget_images,product_154.webp,0.32,WEBP
unique_516.webp,alpingaraget_images,product_046.webp,0.32,WEBP
unique_517.webp,alpingaraget_images,product_085.webp,63.73,WEBP
unique_518.webp,alpingaraget_images,product_139.webp,13.62,WEBP
unique_519.webp,alpingaraget_images,product_093.webp,45.35,WEBP
unique_520.webp,alpingaraget_images,product_165.webp,629.09,WEBP
unique_521.webp,alpingaraget_images,product_077.webp,58.3,WEBP
unique_522.webp,alpingaraget_images,product_098.webp,0.45,WEBP
unique_523.webp,alpingaraget_images,product_132.webp,0.63,WEBP
unique_524.webp,alpingaraget_images,product_061.webp,14.1,WEBP
unique_525.webp,alpingaraget_images,product_124.webp,0.46,WEBP
unique_526.webp,alpingaraget_images,product_036.webp,0.5,WEBP
unique_527.webp,alpingaraget_images,product_108.webp,0.45,WEBP
unique_528.webp,alpingaraget_images,product_149.webp,47.18,WEBP
unique_529.webp,alpingaraget_images,product_094.webp,0.34,WEBP
unique_530.webp,alpingaraget_images,product_082.webp,0.4,WEBP
unique_531.webp,alpingaraget_images,product_128.webp,0.5,WEBP
unique_532.webp,alpingaraget_images,product_104.webp,0.38,WEBP
unique_533.webp,alpingaraget_images,product_041.webp,38.96,WEBP
unique_534.webp,alpingaraget_images,product_153.webp,14.38,WEBP
unique_535.webp,alpingaraget_images,product_145.webp,57.6,WEBP
unique_536.webp,alpingaraget_images,product_112.webp,0.32,WEBP
unique_537.webp,alpingaraget_images,product_057.webp,44.04,WEBP
unique_538.webp,alpingaraget_images,product_113.webp,35.71,WEBP
unique_539.webp,alpingaraget_images,product_056.webp,0.37,WEBP
unique_540.webp,alpingaraget_images,product_144.webp,0.37,WEBP
unique_541.webp,alpingaraget_images,product_152.webp,0.26,WEBP
unique_542.webp,alpingaraget_images,product_105.webp,179.82,WEBP
unique_543.webp,alpingaraget_images,product_040.webp,0.44,WEBP
unique_544.jpg,alpingaraget_images,product_021.jpg,64.24,JPG
unique_545.jpg,alpingaraget_images,product_035.jpg,52.73,JPG
unique_546.jpg,alpingaraget_images,product_009.jpg,42.31,JPG
unique_547.jpg,alpingaraget_images,product_008.jpg,50.6,JPG
unique_548.webp,alpingaraget_images,product_083.webp,172.13,WEBP
unique_549.webp,alpingaraget_images,product_129.webp,31.22,WEBP
unique_550.webp,alpingaraget_images,product_095.webp,18.95,WEBP
unique_551.webp,alpingaraget_images,product_168.webp,0.48,WEBP
unique_552.webp,alpingaraget_images,product_148.webp,0.3,WEBP
unique_553.webp,alpingaraget_images,product_109.webp,73.44,WEBP
unique_554.jpg,alpingaraget_images,product_023.jpg,1.48,JPG
unique_555.webp,alpingaraget_images,product_037.webp,16.06,WEBP
unique_556.webp,alpingaraget_images,product_060.webp,0.87,WEBP
unique_557.webp,alpingaraget_images,product_125.webp,27.85,WEBP
unique_558.webp,alpingaraget_images,product_076.webp,0.44,WEBP
unique_559.webp,alpingaraget_images,product_133.webp,37.97,WEBP
unique_560.jpg,alpingaraget_images,product_157.jpg,58.79,JPG
unique_561.webp,alpingaraget_images,product_164.webp,1.46,WEBP
unique_562.jpg,alpingaraget_images,product_007.jpg,46.96,JPG
unique_563.webp,alpingaraget_images,product_034.webp,0.47,WEBP
unique_564.webp,alpingaraget_images,product_126.webp,0.46,WEBP
unique_565.webp,alpingaraget_images,product_063.webp,21.87,WEBP
unique_566.webp,alpingaraget_images,product_130.webp,0.53,WEBP
unique_567.webp,alpingaraget_images,product_075.webp,34.37,WEBP
unique_568.webp,alpingaraget_images,product_167.webp,22.6,WEBP
unique_569.webp,alpingaraget_images,product_055.webp,36.07,WEBP
unique_570.webp,alpingaraget_images,product_110.webp,0.37,WEBP
unique_571.webp,alpingaraget_images,product_147.webp,34.04,WEBP
unique_572.webp,alpingaraget_images,product_151.webp,16.72,WEBP
unique_573.webp,alpingaraget_images,product_043.webp,35.67,WEBP
unique_574.webp,alpingaraget_images,product_106.webp,1.19,WEBP
unique_575.webp,alpingaraget_images,product_038.webp,0.38,WEBP
unique_576.webp,alpingaraget_images,product_080.webp,0.39,WEBP
unique_577.webp,alpingaraget_images,product_096.webp,0.44,WEBP
unique_578.webp,alpingaraget_images,product_079.webp,55.86,WEBP
unique_579.webp,alpingaraget_images,product_097.webp,26.96,WEBP
unique_580.webp,alpingaraget_images,product_078.webp,0.38,WEBP
unique_581.webp,alpingaraget_images,product_081.webp,97.26,WEBP
unique_582.webp,alpingaraget_images,product_039.webp,61.67,WEBP
unique_583.jpg,alpingaraget_images,product_001.jpg,1.42,JPG
unique_584.webp,alpingaraget_images,product_042.webp,0.36,WEBP
unique_585.webp,alpingaraget_images,product_150.webp,0.24,WEBP
unique_586.webp,alpingaraget_images,product_146.webp,0.42,WEBP
unique_587.webp,alpingaraget_images,product_054.webp,0.47,WEBP
unique_588.webp,alpingaraget_images,product_111.webp,38.24,WEBP
unique_589.webp,alpingaraget_images,product_166.webp,1.44,WEBP
unique_590.webp,alpingaraget_images,product_074.webp,0.41,WEBP
unique_591.webp,alpingaraget_images,product_127.webp,26.01,WEBP
unique_592.webp,alpingaraget_images,product_062.webp,0.33,WEBP
unique_593.jpg,alpingaraget_images,product_017.jpg,64.68,JPG
unique_594.jpg,alpingaraget_images,product_002.jpg,106.83,JPG
unique_595.webp,alpingaraget_images,product_058.webp,0.48,WEBP
unique_596.webp,alpingaraget_images,product_116.webp,0.38,WEBP
unique_597.webp,alpingaraget_images,product_141.webp,59.14,WEBP
unique_598.webp,alpingaraget_images,product_045.webp,34.56,WEBP
unique_599.webp,alpingaraget_images,product_100.webp,0.35,WEBP
unique_600.webp,alpingaraget_images,product_086.webp,0.47,WEBP
unique_601.webp,alpingaraget_images,product_069.webp,34.58,WEBP
unique_602.webp,alpingaraget_images,product_090.webp,0.4,WEBP
unique_603.jpg,alpingaraget_images,product_099.jpg,66.48,JPG
unique_604.webp,alpingaraget_images,product_049.webp,52.63,WEBP
unique_605.jpg,alpingaraget_images,product_073.jpg,95.6,JPG
unique_606.webp,alpingaraget_images,product_120.webp,0.49,WEBP
unique_607.webp,alpingaraget_images,product_065.webp,57.2,WEBP
unique_608.webp,alpingaraget_images,product_136.webp,0.5,WEBP
unique_609.jpg,alpingaraget_images,product_107.jpg,98.42,JPG
unique_610.webp,alpingaraget_images,product_161.webp,13.77,WEBP
unique_611.webp,alpingaraget_images,product_160.webp,0.46,WEBP
unique_612.jpg,alpingaraget_images,product_117.jpg,62.09,JPG
unique_613.jpg,alpingaraget_images,product_103.jpg,104.62,JPG
unique_614.webp,alpingaraget_images,product_072.webp,0.36,WEBP
unique_615.webp,alpingaraget_images,product_064.webp,0.35,WEBP
unique_616.webp,alpingaraget_images,product_048.webp,0.41,WEBP
unique_617.webp,alpingaraget_images,product_091.webp,52.49,WEBP
unique_618.webp,alpingaraget_images,product_087.webp,62.06,WEBP
unique_619.webp,alpingaraget_images,product_068.webp,0.46,WEBP
unique_620.webp,alpingaraget_images,product_044.webp,0.38,WEBP
unique_621.webp,alpingaraget_images,product_101.webp,82.89,WEBP
unique_622.webp,alpingaraget_images,product_156.webp,0.4,WEBP
unique_623.webp,alpingaraget_images,product_140.webp,0.38,WEBP
unique_624.webp,alpingaraget_images,product_052.webp,0.45,WEBP
